CÓDIGO;DESCRIPCIÓN;SERIE;CANTIDAD; PRECIO_USD ;ACTUALIZACIÓN HASTA -- > VIERNES, 19 DE SEPTIEMBRE DE 2025 11:27:15 A. M.
01200;012.00 Kit de programación para PC Serie 12.71;S12;1; $85,41 ;
012BG8230;"012.BG.8.230 Antena GPS Bluetooth para tipo 12.B2; IP54";S12;4; $119,23 ;
01300;013.00 Conv. de pulsador fase / neutro. Serie [13, 13Y] [15,15Y];S13;2; $23,91 ;
01317;013.17 Adaptador para riel DIN Serie [13.22, 13.21, 15.21];S13Y;3; $3,64 ;
013B9;"013.B9 YESLY Pulsador de pared inalámbrico; 4 canales; BLE 4.2";S1Y;51; $154,70 ;
0150230;015.0.230 Supresor de corriente residual. Serie [15, 15Y];S15;14; $6,81 ;
01C0282300500;"01C.02.8.230.0500 Fte alimentación (110..230VAC) @ 5 VDC; BLISS 2";S1C;1; $59,65 ;
02263;"022.63 Modulo Auxiliar 2 NA; para tipo [22.44, 22.64]";S22;16; $31,61 ;
02600;026.00 Módulo p/pulsadores luminosos para Serie 20;S26;9; $7,00 ;
05625;056.25 Adaptador con aletas Serie [55.32, 55.33, 55.34], [56.32];S56;80; $2,32 ;
06K06;"06K.06 Modulo Auxiliar 2 NA + 2 NC; 2A para tipo [6K.04]";S6K;5; $21,00 ;
06K11;"06K.11 Modulo Auxiliar 1 NA; 2A para tipo [6K.13, 6K.14]";S6K;123; $6,03 ;
06K12;"06K.12 Modulo Auxiliar 1 NC; 2A para tipo [6K.13, 6K.14]";S6K;85; $6,03 ;
06KR00024;"06K.R0.0.024 Módulo RC (12 - 48V AC/DC); Tipo [6K.04]";S6K;20; $16,50 ;
06KR00110;"06K.R0.0.110 Módulo RC (48 - 127V AC/DC); Tipo [6K.04]";S6K;20; $16,50 ;
06KR00230;"06K.R0.0.230 Módulo RC (110 - 230V AC/DC); Tipo [6K.04]";S6K;20; $16,50 ;
06KR10024;"06K.R1.0.024 Módulo RC (12 - 48V AC/DC); Tipo [6K.13, 6K.14]";S6K;20; $11,00 ;
06KR10110;"06K.R1.0.110 Módulo RC (48 - 127V AC/DC); Tipo [6K.13, 6K.14]";S6K;20; $11,00 ;
06KR10230;"06K.R1.0.230 Módulo RC (110 - 230V AC/DC); Tipo [6K.13, 6K.14]";S6K;20; $11,00 ;
0720106;072.01.06 Cable-sonda 6 m (1.5 mm2) Serie [72.01, 72.11];S72;218; $31,31 ;
0720115;072.01.15 Cable-sonda 15 m (1.5 mm2) Serie [72.01, 72.11];S72;10; $38,23 ;
0720206;072.02.06 Cable-sonda 6 m (1.5 mm2) p/alto grado de salinidad;S72;44; $32,12 ;
07211;072.11 Sensor contra inundaciones Serie [72.01, 72.11];S72;4; $30,89 ;
072500;"072.500 Electrodo 475 mm; acero inox; Serie [72.01, 72.11]";S72;132; $13,72 ;
072501;"072.501 Empalme p/electrodos; acero inox; Serie [72.01, 72.11]";S72;45; $8,15 ;
072503;072.503 Separador Electrodos Tripolar Serie [72.01, 72.11];S72;15; $3,08 ;
07253;072.53 Portaelectrodo tripolar Serie [72.01, 72.11];S72;10; $107,09 ;
07F15;07F.15 Filtros de recambio tamaño 1;S7F;10; $5,01 ;
07F45;07F.45 Filtros de recambio tamaño 4;S7F;11; $11,28 ;
07L01;07L.01 Cable de conexión AC 2x1.5mm2, 2m Longitud;S7L;21; $28,10 ;
07L10;07L.10 Interconector para lampara 2x1.5mm2, 1.0m longitud.;S7L;18; $29,65 ;
07L12;07L.12 Enchufe de salida P/lampara gabinete AC;S7L;20; $13,55 ;
07L9003;07L.90.03 Interruptor P/puerta Gabinete 1NA 10 A;S7L;7; $72,83 ;
09033;090.33 Brida metálica para zócalo Serie 90;S90;37; $0,21 ;
09300020U;093.000.20.U Cable conector para PLC Serie 093.68.14.1;S93;5; $84,62 ;
09301;093.01 Separado Plastico Serie 38;S93;26; $1,10 ;
09308;093.08 Puente de 8 terminales azúl Serie 38.01/11/31/41/52/62;S93;9; $1,63 ;
09316;093.16 Puente serie 39 color azul;S93;130; $2,00 ;
093160;093.16.0 Puente serie 39 color negro;S93;30; $2,00 ;
09320;093.20 Puente 20 terminales Serie 38 Azul;S93;1212; $1,69 ;
09362;093.62 Duplicador de cables Serie 39 Push-in;S93;4; $1,98 ;
093638230;093.63.8.230 Modulo portafusibles LED - (110.240)V AC;S93;4; $7,74 ;
09401;094.01 Palanca de retención Serie 55;S94;235; $0,42 ;
09501;095.01 Palanca de retención Serie [95.03, 95.05];S95;12; $0,31 ;
09518;095.18 Puente 8 terminales Serie [95.05, 97.01, 97.02] Azul;S95;44; $2,09 ;
09571;095.71 Brida de retención metálica Serie [95.P5, 95.05, 95.55];S95;19; $0,21 ;
09742;097.42 Puente de 2 terminales Serie [95.P3-P5, 97.P1-P2] Azul;S97;4; $0,93 ;
09758;097.58 Puente 8 terminales Serie [95.P3-P5, 97.P1-P2] Azul;S97;10; $2,61 ;
103282300000;10.32.8.230.0000 Interruptor crepuscular 230V AC 2NA 16A;S10;26; $77,87 ;
104282300000;10.42.8.230.0000 Interruptor crepuscular 230V AC 2NA 16A;S10;3; $79,60 ;
105181200000;10.51.8.120.0000 Interruptor crepuscular 120V AC 1NA 12A;S10;9; $56,72 ;
105182300000;10.51.8.230.0000 Interruptor crepuscular 230V AC 1NA 12A;S10;5; $56,72 ;
106182300000;10.61.8.230.0000 Interruptor crepuscular 230V AC 1NA 16A;S10;6; $66,70 ;
114182300000;11.41.8.230.0000 Relé Crepuscular 230V AC 1CC 16A;S11;2; $100,15 ;
114282300000;11.42.8.230.0000 Relé Crepuscular 230V AC 1CC + 1NA 12A;S11;6; $125,01 ;
117100121000;DESCONTINUADO, lo reemplaza el producto 11.31.0.024.0000;S11;2; $91,19 ;
121182300000;12.11.8.230.0000 Int. Horario Electrome. 230V AC 1NA 16A;S12;112; $77,05 ;
123181200000;12.31.8.120.0000 Int. Horario Electrome. Diario 120V AC 1CC 16A;S12;5; $83,29 ;
125182300000;12.51.8.230.0000 Int. Horario Digital. Sem 110...230V AC/DC 1CC;S12;24; $108,27 ;
126100240000;12.61.0.024.0000 Int. Horario Digital. Sem 12...24V AC/DC 1CC 16A;S12;50; $138,26 ;
126182300000;12.61.8.230.0000 Int. Horario Digital. Sem 110...230V AC/DC 1CC;S12;283; $125,23 ;
126282300000;12.62.8.230.0000 Int. Horario Digital. Sem 110...230V AC/DC 2CC;S12;585; $143,16 ;
127100240000;12.71.0.024.0000 Int. Horario Digital. Sem 24V AC/DC 1CC 16A;S12;10; $129,93 ;
127182300000;12.71.8.230.0000 Int. Horario Digtal. Sem 230V AC 1CC 16A;S12;11; $120,93 ;
12A182300000;12.A1.8.230.0000 Int. H. Digital. Sem ASTRO 110...230V AC/DC 1CC;S12;13; $140,29 ;
12A282300000;12.A2.8.230.0000 Int. H. Digital. Sem ASTRO 110...230V AC/DC 2CC;S12;17; $168,03 ;
12A482300010;12.A4.8.230.0010 Int. H. Digital. Sem ASTRO 110...230V AC/DC 1CC;S12;6; $172,85 ;
12B282300000;12.B2.8.230.0000 Int. Horario Digital. Anual 110...230V AC/DC 2CC;S12;1; $194,13 ;
13218230B000;13.21.8.230.B000 Relé multifunción YESLY Bluetooth 1CC 16A;S13Y;20; $72,91 ;
13228230B000;13.22.8.230.B000 Relé multifunción YESLY Bluetooth 2NA 6A;S13Y;34; $125,67 ;
13728230B000;13.72.8.230.B000 Relé multifunción elec. YESLY 110.230V AC 2NA 6A;S13Y;153; $125,67 ;
13728230B002;13.72.8.230.B002 Relé multifunción elec. YESLY 110.230V AC 2NA 6A;S13Y;116; $125,67 ;
15218230B300;15.21.8.230.B300 Telerruptor eléc. Dimmer YESLY 230V AC 1NA;S15Y;24; $145,01 ;
15219024B200;15.21.9.024.B200 Telerruptor eléc. Dimmer PWM YESLY 12.24V AC 1NA;S15Y;21; $164,58 ;
152K82300400;15.2K.8.230.0400 Dimmer universal KNX de 2 canales 230 V AC 100W;S15K;16; $362,56 ;
15718230B200;15.71.8.230.B200 Telerruptor eléc. Dimmer YESLY 110...230V AC 1NA;S15Y;87; $145,01 ;
15718230B202;15.71.8.230.B202 Telerruptor eléc. Dimmer YESLY 110...230V AC 1NA;S15Y;46; $145,01 ;
180182300000;18.01.8.230.0000 Detector de Mov. 120...230V AC 1NA 10A IP40;S18;51; $58,87 ;
181182300000;18.11.8.230.0000 Detector de Mov. 120...230V AC 1NA 10A IP54;S18;38; $62,63 ;
182100240300;18.21.0.024.0300 Detector de Mov. 24V AC/DC 1NA Libre Potencial;S18;3; $98,04 ;
182182300000;18.21.8.230.0000 Detector de Mov. 120...230V AC 1NA 10A IP40;S18;88; $81,97 ;
183182300000;18.31.8.230.0000 Detector de Mov. 120...230V AC 1NA 10A IP40;S18;493; $81,97 ;
183182300031;18.31.8.230.0031 Detector de Mov. 120..230V AC 1NA 10A hasta 6mts;S18;24; $98,04 ;
183182300300;18.31.8.230.0300 Detector de Mov. 120.230V AC 1NA Libre de Potenc;S18;9; $98,04 ;
184182300300;18.41.8.230.0300 Detector de Mov. 110..230V AC 1NA 10A p/pasillos;S18;44; $154,55 ;
184K90300001;18.4K.9.030.0001 Detector de Mov. KNX 30V DC p/pasillos;S18;13; $205,49 ;
185182300300;18.51.8.230.0300 Detector de Mov. 110.230V AC 1NA Libre de potenc;S18;61; $126,44 ;
18518230B300;18.51.8.230.B300 Detector de Mov. Bluetooth 110..230 V AC 1NA;S18;15; $175,36 ;
185D82300000;18.5D.8.230.0000 Detector de Mov. DALI 110..230V AC, 3 funciones;S18D;28; $244,80 ;
185K90300001;18.5K.9.030.0001 Detector de Mov. KNX 30V DC p/Oficinas;S18K;10; $190,55 ;
186182300300;18.61.8.230.0300 Detector de Mov. 110...230V AC 1NA 10A;S18;1; $182,67 ;
189182300040;18.91.8.230.0040 Detector de Mov. 110..230V AC Blanco;S18;34; $113,99 ;
18A182300000;18.A1.8.230.0000 Detector de Mov. 110...230V AC 1NA 10A IP55;S18;8; $93,01 ;
193K90304300;"19.3K.9.030.4300 Actuador KNX 3 persianas; 30V DC 16 A";S19K;11; $232,78 ;
196K90304300;"19.6K.9.030.4300 Actuador KNX cargas gene; 6 canales; 30V DC 16 A";S19K;19; $232,78 ;
1C9190030W07;1C.91.9.003.0W07 Cronotermostato BLISS Wi-Fi 1.5V AA 1CC;S1C;1; $166,88 ;
1CB190050007;1C.B1.9.005.0007 Termostato Smart BLISS 2 Wi-Fi 1.5V AAA 1CC;S1C;5; $311,95 ;
1K029030;"1K.02.9.030 Interfaz universal KNX; 2 entradas 30V DC";S1K;49; $133,90 ;
1K049030;"1K.04.9.030 Interfaz universal KNX; 4 entradas 30V DC";S1K;53; $145,23 ;
1KUB9030;1K.UB.9.030 Interfaz USB para BUS KNX 30V DC;S1K;14; $444,96 ;
1L1082300000;1L.10.8.230.0000 Lámpara de emergencia 110.230V AC Blanco;S1L;11; $78,96 ;
1L1082300002;1L.10.8.230.0002 Lámpara de emergencia 110.230V AC Antracita;S1L;7; $78,96 ;
1Y13B10;1Y.13.B.10 YESLY Pulsador inalámbrico Bluetooth 2 canales Blanco;S1Y;8; $174,00 ;
1Y13B12;1Y.13.B.12 YESLY Pulsador inalámbrico Bluetooth 2 canales Negro;S1Y;5; $174,00 ;
1Y13B20;1Y.13.B.20 YESLY Pulsador inalámbrico Bluetooth 4 canales Blanco;S1Y;61; $183,71 ;
1Y13B22;1Y.13.B.22 YESLY Pulsador inalámbrico Bluetooth 4 canales Negro;S1Y;72; $183,71 ;
1YE8230;1Y.E8.230 YESLY Amplificador de alcance 110.230V AC;S1Y;18; $67,67 ;
1YEU005;"1Y.EU.005 YESLY Range extender; USB Plug-n-play; 5V DC";S1Y;122; $58,00 ;
1YGU005;"1Y.GU.005 Gateway YESLY Wi-Fi 2.4GHz; Bluetooth 4.2 LE 5V DC";S1Y;16; $183,71 ;
1YGU0051;"1Y.GU.005.1 Gateway2 YESLY Wi-Fi 2.4GHz; Bluetooth 4.2 LE 5V DC";S1Y;28; $183,71 ;
1YP28230B000;1Y.P2.8.230.B000 Interfaz YESLY con 2 entradas 110.230V AC;S1Y;17; $96,70 ;
202191100000;20.21.9.110.0000 Telerruptor Modular (110VDC) 1NA 16A;S20;10; $27,54 ;
202281100000;20.22.8.110.0000 Telerruptor Modular (110VAC) 2NA 16A;S20;18; $30,29 ;
202282300000;20.22.8.230.0000 Telerruptor Modular (230VAC) 2NA 16A;S20;6; $32,72 ;
202390240000;20.23.9.024.0000 Telerruptor Modular (24VDC) 1NA+1NC 16A;S20;36; $32,72 ;
202391100000;20.23.9.110.0000 Telerruptor Modular (110VDC) 1NA+1NC 16A;S20;10; $32,72 ;
202482300000;20.24.8.230.0000 Telerruptor Modular (230VAC) 4 Sec 2NA 16A;S20;17; $32,72 ;
202491100000;20.24.9.110.0000 Telerruptor Modular (110VDC) 4 Sec 2NA 16A;S20;10; $32,72 ;
202682300000;20.26.8.230.0000 Telerruptor Modular (230VAC) 3 Sec 2NA 16A;S20;10; $32,72 ;
202891100000;20.28.9.110.0000 Telerruptor Modular (110VDC) 4 Sec 2NA 16A;S20;10; $32,72 ;
223200244340;22.32.0.024.4340 Contactor Modular (24 VAC/DC) 2NA 25A AgSnO2;S22;2; $46,04 ;
223201204340;22.32.0.120.4340 Contactor Modular (120 VAC/DC) 2NA 25A AgSnO2;S22;177; $46,55 ;
223202304340;22.32.0.230.4340 Contactor Modular (230 VAC/DC) 2NA 25A AgSnO2;S22;36; $46,55 ;
223401204340;22.34.0.120.4340 Contactor Modular (120 VAC/DC) 4NA 25A AgSnO2;S22;77; $63,10 ;
224402304310;22.44.0.230.4310 Contactor Modular (230 VAC/DC) 4NA 40A AgSnO2;S22;40; $91,94 ;
226401204310;22.64.0.120.4310 Contactor Modular (120 VAC/DC) 4NA 63A AgSnO2;S22;9; $100,86 ;
226402304310;22.64.0.230.4310 Contactor Modular (230 VAC/DC) 4NA 63A AgSnO2;S22;20; $100,86 ;
260182300000;26.01.8.230.0000 Telerruptor (230VAC) 1NA 10A;S26;59; $17,13 ;
260381100000;26.03.8.110.0000 Telerruptor (110VAC) 1NA+1NC 10A;S26;48; $21,07 ;
260482300000;26.04.8.230.0000 Telerruptor (230VAC) 4 Sec 2NA 10A;S26;33; $21,07 ;
260681100000;26.06.8.110.0000 Telerruptor (110VAC) 3 Sec 2NA 10A;S26;9; $21,07 ;
260682300000;26.06.8.230.0000 Telerruptor (230VAC) 3 Sec 2NA 10A;S26;15; $21,07 ;
302270120020;30.22.7.012.0020 Relé subminiatura (12 VDC) 2CC 2A RT III;S30;78; $4,30 ;
302270240020;30.22.7.024.0020 Relé subminiatura (24 VDC) 2CC 2A RT III;S30;402; $4,30 ;
322170242300;32.21.7.024.2300 Relé para CI (24 VDC) 1NA 6A;S32;1; $3,66 ;
345170120010;34.51.7.012.0010 Relé EMR para CI (12VDC) 1CC 6A;S34;262; $5,60 ;
345170240010;34.51.7.024.0010 Relé EMR para CI (24VDC) 1CC 6A;S34;13205; $5,96 ;
345170245010;34.51.7.024.5010 Relé EMR para CI (24VDC) 1CC 6A AgNi+Au;S34;108; $6,72 ;
345170600010;34.51.7.060.0010 Relé EMR para CI (60VDC) 1CC 6A;S34;1851; $8,51 ;
348170248240;34.81.7.024.8240 Relé SSR para CI (24VDC) 1NA @ 240V AC 2A;S34;389; $20,67 ;
348170249024;34.81.7.024.9024 Relé SSR para CI (24VDC) 1NA @ 24V DC 6A;S34;1858; $19,77 ;
348170609024;34.81.7.060.9024 Relé SSR para CI (60VDC) 1NA @ 24V DC 6A;S34;97; $20,36 ;
361190124011;36.11.9.012.4011 Mini-relé para CI (12VDC) 1CC 10A RT III;S36;212; $1,78 ;
361190244011;36.11.9.024.4011 Mini-relé para CI (24VDC) 1CC 10A RT III;S36;350; $1,78 ;
385100120060;38.51.0.012.0060 Int. Modular EMR (12VAC/DC) 1CC 6A;S38;22; $15,13 ;
385100125060;38.51.0.012.5060 Int. Modular EMR (12VAC/DC) 1CC 6A AgNi + Au;S38;26; $16,35 ;
385100240060;38.51.0.024.0060 Int. Modular EMR (24VAC/DC) 1CC 6A;S38;8849; $15,13 ;
385101250060;38.51.0.125.0060 Int. Modular EMR (110...125VAC/DC) 1CC 6A;S38;1412; $18,50 ;
385102400060;38.51.0.240.0060 Int. Modular EMR (220...240VAC/DC) 1CC 6A;S38;70; $18,50 ;
385170240050;38.51.7.024.0050 Int. Modular EMR (24VDC) 1CC 6A;S38;1506; $15,13 ;
385270240050;38.52.7.024.0050 Int. Modular EMR (24VDC) 2CC 8A;S38;42; $17,77 ;
388101258240;38.81.0.125.8240 Int. Modular SSR (110.125VAC/DC) 1NA @ 240VAC 2A;S38;3; $33,90 ;
388170249024;38.81.7.024.9024 Int. Modular SSR (24VDC) 1NA @ 24VDC 6A;S38;712; $31,88 ;
391100240060;39.11.0.024.0060 Int. Modular EMR (24VAC/DC) 1CC 6A;S39;370; $13,98 ;
393100240060;39.31.0.024.0060 Int. Modular EMR (24VAC/DC) 1CC 6A;S39;1457; $15,13 ;
393101250060;39.31.0.125.0060 Int. Modular EMR (110...125VAC/DC) 1CC 6A;S39;567; $18,50 ;
401170482000;40.11.7.048.2000 Relé para CI 1CC(48VDC) 10A AgCdO;S40;40; $5,54 ;
403170240000;40.31.7.024.0000 Relé 1CC (24VDC) 10 A;S40;14; $4,36 ;
403180240000;40.31.8.024.0000 Relé 1CC (24VAC) 10 A;S40;1095; $6,20 ;
403181200000;40.31.8.120.0000 Relé 1CC (120VAC) 10 A;S40;496; $7,86 ;
403182300000;40.31.8.230.0000 Relé 1CC (230VAC) 10 A;S40;178; $9,29 ;
403190120000;40.31.9.012.0000 Relé 1CC (12VDC) 10 A;S40;826; $4,36 ;
403190240000;40.31.9.024.0000 Relé 1CC (24 VDC) 10 A;S40;3248; $4,36 ;
403190240003;40.31.9.024.0003 Relé 1CC (24VDC) 10 A +125 °C RT III;S40;5; $6,93 ;
403191250000;40.31.9.125.0000 Relé 1CC (125VDC) 10 A;S40;6; $10,01 ;
405181200000;40.51.8.120.0000 Relé 1CC (120VAC) 10 A;S40;54; $7,86 ;
405182300000;40.51.8.230.0000 Relé 1CC (230VAC) 10 A;S40;27; $9,29 ;
405190120000;40.51.9.012.0000 Relé 1CC (12VDC) 10 A;S40;90; $4,36 ;
405190240000;40.51.9.024.0000 Relé 1CC (24VDC) 10 A;S40;662; $4,36 ;
405270240000;40.52.7.024.0000 Relé 2CC (24VDC) 8 A;S40;219; $5,31 ;
405271250000;40.52.7.125.0000 Relé 2CC (125VDC) 8 A;S40;1; $11,07 ;
405280240000;40.52.8.024.0000 Relé 2CC (24VAC) 8 A;S40;886; $7,34 ;
405281200000;40.52.8.120.0000 Relé 2CC (120VAC) 8 A;S40;5980; $8,94 ;
405282300000;40.52.8.230.0000 Relé 2CC (230VAC) 8 A;S40;240; $10,29 ;
405282400000;40.52.8.240.0000 Relé 2CC (240VAC) 8 A;S40;1; $10,29 ;
405290120000;40.52.9.012.0000 Relé 2CC (12VDC) 8 A;S40;1899; $5,31 ;
405290240000;40.52.9.024.0000 Relé 2CC (24VDC) 8 A;S40;7317; $5,31 ;
405291250000;40.52.9.125.0000 Relé 2CC (125VDC) 8 A;S40;171; $11,07 ;
406160240000;40.61.6.024.0000 Relé 1CC (24V AC/DC) 16 A Biestable;S40;9; $10,57 ;
406180240000;40.61.8.024.0000 Relé 1CC (24VAC) 16 A;S40;105; $6,46 ;
406181200000;40.61.8.120.0000 Relé 1CC (120VAC) 16 A;S40;546; $8,08 ;
406190120000;40.61.9.012.0000 Relé 1CC (12VDC) 16 A;S40;769; $4,59 ;
406190240000;40.61.9.024.0000 Relé 1CC (24VDC) 16 A;S40;2030; $4,59 ;
406270120000;40.62.7.012.0000 Relé 2CC (12VDC) 10A;S40;9; $7,93 ;
406282300000;40.62.8.230.0000 Relé 2CC (230VAC) 10 A;S40;91; $13,01 ;
406290240000;40.62.9.024.0000 Relé 2CC (24VDC) 10 A;S40;71; $7,93 ;
413190120010;41.31.9.012.0010 Relé 1CC (12VDC) 12 A;S41;15; $4,30 ;
413190240010;41.31.9.024.0010 Relé 1CC (24VDC) 12 A;S41;10; $4,30 ;
413191100010;41.31.9.110.0010 Relé 1CC (110VDC) 12 A;S41;21; $6,16 ;
415290240010;41.52.9.024.0010 Relé 2CC (24VDC) 8 A;S41;656; $4,81 ;
415291100010;41.52.9.110.0010 Relé 2CC (110VDC) 8 A;S41;162; $6,58 ;
416190120010;41.61.9.012.0010 Relé 1CC (12VDC) 16 A;S41;73; $4,67 ;
416190240010;41.61.9.024.0010 Relé 1CC (24VDC) 16 A;S41;339; $4,67 ;
416191100010;41.61.9.110.0010 Relé 1CC (110VDC) 16 A;S41;18; $6,40 ;
418170248240;41.81.7.024.8240 Relé SSR (24VDC) 1NA @ 240VAC 3 A;S41;8; $22,87 ;
418170249024;41.81.7.024.9024 Relé SSR (24VDC) 1NA @ 24VDC 5 A;S41;75; $23,87 ;
434170124000;43.41.7.012.4000 Relé 1CC (12VDC) 10 A  AgSnO2 RT II;S43;24; $3,62 ;
434170244000;43.41.7.024.4000 Relé 1CC (24VDC) 10 A;S43;247; $3,62 ;
445290120000;DESCONTINUADO, lo reemplaza el producto 40.52.9.012.0000;S44;1; $5,19 ;
465280240040;46.52.8.024.0040 Relé Faston 2CC (24VAC) 8A;S46;189; $10,76 ;
465281200040;46.52.8.120.0040 Relé Faston 2CC (120VAC) 8 A;S46;735; $12,27 ;
465281200054;46.52.8.120.0054 Relé Faston 2CC (120VAC) 8A;S46;276; $14,12 ;
465290120040;46.52.9.012.0040 Relé Faston 2CC (12VDC) 8 A;S46;244; $8,79 ;
465290240040;46.52.9.024.0040 Relé Faston 2CC (24VDC) 8 A;S46;286; $8,79 ;
465290240074;46.52.9.024.0074 Relé Faston 2CC (24VDC) 8 A;S46;142; $10,71 ;
466180240040;46.61.8.024.0040 Relé Faston 1CC (24VAC) 16 A;S46;503; $9,40 ;
466181200040;46.61.8.120.0040 Relé Faston 1CC (120VAC) 16 A;S46;985; $10,87 ;
466181200054;46.61.8.120.0054 Relé Faston 1CC (120VAC) 16 A;S46;44; $12,76 ;
466190120040;46.61.9.012.0040 Relé Faston 1CC (12VDC) 16 A;S46;80; $7,53 ;
466190120074;46.61.9.012.0074 Relé Faston 1CC (12VDC) 16 A;S46;20; $9,43 ;
466190240040;46.61.9.024.0040 Relé Faston 1CC (24VDC) 16 A;S46;2009; $7,53 ;
466190240074;46.61.9.024.0074 Relé Faston 1CC (24VDC) 16 A;S46;220; $9,43 ;
4B01000;4B.01.000 Hide, caja de pared 3 modulos, Blanco;S4B;10; $37,35 ;
4B03H21;4B.03.H21 Side, caja de pared 3 modulos, Antrasita;S4B;10; $50,25 ;
4B3MBNV14;4B3MBN.V14 Placa 3 módulos - Vimar (plana);S4B;24; $3,60 ;
4BBV3M;4B.BV.3M Chasis 3 módulos - Bticino / Vimar;S4B;34; $2,15 ;
4BLCU;4B.L.CU Tapon ciego - Bticino (living light), Antracita;S4B;10; $-   ;
4BLTT;4B.L.TT Tapon ciego - Bticino (living light), Antracita;S4B;10; $0,80 ;
4BNCU;4B.N.CU Interruptor apagador / pulsador NA/NC - Bticino (living);S4B;10; $12,25 ;
4BNTT;4B.N.TT Tapon ciego - Bticino (living light), Blanco;S4B;10; $0,90 ;
4BUSB20WCCAN;"4BUSB20WCCA.N Módulo 3 salida; 1 USB + 2 tipo C - Bticino(living)";S4B;31; $50,90 ;
4BUSB20WCCAV14;4BUSB20WCCA.V14 Módulo 3 salida, 1 USB + 2 tipo C - Vimar (plana);S4B;33; $49,80 ;
4BV14CU;4B.V14.CU Interruptor apagador y pulsador NA/NC - Vimar (plana);S4B;9; $6,75 ;
4BV14TT;4B.V14.TT Tapon ciego - Vimar (plana), Blanco;S4B;9; $0,85 ;
553280240040;55.32.8.024.0040 Relé Industrial 2CC (24VAC) 10 A;S55;435; $9,69 ;
553281200040;55.32.8.120.0040 Relé Industrial 2CC (120VAC) 10 A;S55;1159; $9,69 ;
553281200054;55.32.8.120.0054 Relé Industrial 2CC (120VAC) 10 A;S55;129; $11,52 ;
553282300040;55.32.8.230.0040 Relé Industrial 2CC (230VAC) 10 A;S55;347; $11,30 ;
553282300054;55.32.8.230.0054 Relé Industrial 2CC (230VAC) 10 A;S55;30; $13,13 ;
553290120040;55.32.9.012.0040 Relé Industrial 2CC (12VDC) 10 A;S55;704; $9,69 ;
553290240040;55.32.9.024.0040 Relé Industrial 2CC (24VDC) 10 A;S55;2216; $9,69 ;
553290240074;55.32.9.024.0074 Relé Industrial 2CC (24VDC) 10 A;S55;139; $11,52 ;
553380240010;55.33.8.024.0010 Relé Industrial 3CC (24VAC) 10 A;S55;79; $10,29 ;
553381200010;55.33.8.120.0010 Relé Industrial 3CC (120VAC) 10 A;S55;340; $10,29 ;
553382300010;55.33.8.230.0010 Relé Industrial 3CC (230VAC) 10 A;S55;792; $11,98 ;
553390240010;55.33.9.024.0010 Relé Industrial 3CC (24VDC) 10 A;S55;434; $10,29 ;
553390240090;55.33.9.024.0090 Relé Industrial 3CC (24VDC) 10 A;S55;184; $12,09 ;
553480120040;55.34.8.012.0040 Relé Industrial 4CC (12VAC) 7 A;S55;3; $11,09 ;
553480240040;55.34.8.024.0040 Relé Industrial 4CC (24VAC) 7 A;S55;1085; $8,88 ;
553480240054;55.34.8.024.0054 Relé Industrial 4CC (24VAC) 7 A;S55;60; $13,04 ;
553481200040;55.34.8.120.0040 Relé Industrial 4CC (120VAC) 7 A;S55;3043; $8,88 ;
553481200054;55.34.8.120.0054 Relé Industrial 4CC (120VAC) 7 A;S55;334; $13,04 ;
553482300040;55.34.8.230.0040 Relé Industrial 4CC (230VAC) 7 A;S55;1359; $10,32 ;
553482300054;55.34.8.230.0054 Relé Industrial 4CC (230VAC) 7 A;S55;58; $14,87 ;
553482400040;55.34.8.240.0040 Relé Industrial 4CC (240VAC) 7 A;S55;1; $12,92 ;
553490120040;55.34.9.012.0040 Relé Industrial 4CC (12VDC) 7 A;S55;576; $8,88 ;
553490240040;55.34.9.024.0040 Relé Industrial 4CC (24VDC) 7 A;S55;4750; $8,88 ;
553490240074;55.34.9.024.0074 Relé Industrial 4CC (24VDC) 7 A;S55;595; $13,04 ;
553490240094;55.34.9.024.0094 Relé Industrial 4CC (24VDC) 7 A;S55;173; $13,04 ;
553490245090;55.34.9.024.5090 Relé Industrial 4CC (24VDC) 7 A AgNi+Au;S55;20; $18,50 ;
553491100040;55.34.9.110.0040 Relé Industrial 4CC (110VDC) 7 A;S55;49; $12,92 ;
553491250040;55.34.9.125.0040 Relé Industrial 4CC (125VDC) 7 A;S55;469; $15,29 ;
553492200040;55.34.9.220.0040 Relé Industrial 4CC (220VDC) 7 A;S55;10; $22,37 ;
563280120040;56.32.8.012.0040 Relé de potencia (12VAC) 2CC 12 A;S56;3; $14,19 ;
563280240040;56.32.8.024.0040 Relé de potencia (24VAC) 2CC 12 A;S56;400; $14,19 ;
563281200040;56.32.8.120.0040 Relé de potencia (120VAC) 2CC 12 A;S56;375; $14,19 ;
563282300040;56.32.8.230.0040 Relé de potencia (230VAC) 2CC 12 A;S56;435; $16,22 ;
563290120040;56.32.9.012.0040 Relé de potencia (12VDC) 2CC 12 A;S56;235; $14,19 ;
563290240040;56.32.9.024.0040 Relé de potencia (24VDC) 2CC 12 A;S56;907; $14,19 ;
563290240080;56.32.9.024.0080 Relé de potencia (24VDC) 2CC 12 A;S56;1; $19,85 ;
563291250040;56.32.9.125.0040 Relé de potencia (125VDC) 2CC 12 A;S56;176; $19,18 ;
563291250080;56.32.9.125.0080 Relé de potencia (125VDC) 2CC 12 A;S56;2; $21,20 ;
563480120000;56.34.8.012.0000 Relé de potencia (12VAC) 4CC 12 A;S56;5; $23,69 ;
563480240054;56.34.8.024.0054 Relé de potencia (24VAC) 4CC 12 A;S56;1; $23,69 ;
563481200040;56.34.8.120.0040 Relé de potencia (120VAC) 4CC 12 A;S56;65; $23,69 ;
563482300040;56.34.8.230.0040 Relé de potencia (230VAC) 4CC 12 A;S56;37; $25,24 ;
563482400010;56.34.8.240.0010 Relé de potencia (240VAC) 4CC 12 A;S56;2; $25,24 ;
563490240040;56.34.9.024.0040 Relé de potencia (24VDC) 4CC 12 A;S56;328; $23,69 ;
563492200000;56.34.9.220.0000 Relé de potencia (220VDC) 4CC 12 A;S56;36; $36,87 ;
583480240069SMA;58.34.8.024.0069SMA Int. Modular con relé (24VAC) 4CC 6A ATEX;S58;10; $37,78 ;
601280120040;60.12.8.012.0040 Relé Industrial (12VAC) 2CC 10 A;S60;76; $16,03 ;
601280240040;60.12.8.024.0040 Relé Industrial (24VAC) 2CC 10 A;S60;661; $12,82 ;
601280240054;60.12.8.024.0054 Relé Industrial (24VAC) 2CC 10 A;S60;6; $20,09 ;
601281200040;60.12.8.120.0040 Relé Industrial (120VAC) 2CC 10 A;S60;3905; $12,82 ;
601281200054;60.12.8.120.0054 Relé Industrial (120VAC) 2CC 10 A;S60;380; $20,09 ;
601282300000;60.12.8.230.0000 Relé Industrial (230VAC) 2CC 10 A;S60;10; $17,20 ;
601282300040;60.12.8.230.0040 Relé Industrial (230VAC) 2CC 10 A;S60;1033; $13,76 ;
601282300054;60.12.8.230.0054 Relé Industrial (230VAC) 2CC 10 A;S60;42; $21,20 ;
601282305040;60.12.8.230.5040 Relé Industrial (230VAC) 2CC 10 A AgNi+Au;S60;10; $21,85 ;
601290120040;60.12.9.012.0040 Relé Industrial (12VDC) 2CC 10 A;S60;279; $12,82 ;
601290240040;60.12.9.024.0040 Relé Industrial (24VDC) 2CC 10 A;S60;1496; $12,82 ;
601290240074;60.12.9.024.0074 Relé Industrial (24VDC) 2CC 10 A;S60;153; $20,09 ;
601291250074;60.12.9.125.0074 Relé Industrial (125VDC) 2CC 10 A;S60;257; $24,98 ;
601380120040;60.13.8.012.0040 Relé Industrial (12VAC) 3CC 10 A;S60;9; $16,60 ;
601380240040;60.13.8.024.0040 Relé Industrial (24VAC) 3CC 10 A;S60;427; $13,30 ;
601381200040;60.13.8.120.0040 Relé Industrial (120VAC) 3CC 10 A;S60;1098; $13,30 ;
601381200054;60.13.8.120.0054 Relé Industrial (120VAC) 3CC 10 A;S60;156; $20,59 ;
601382300040;60.13.8.230.0040 Relé Industrial (230VAC) 3CC 10 A;S60;438; $14,16 ;
601390120040;60.13.9.012.0040 Relé Industrial (12VDC) 3CC 10 A;S60;74; $13,30 ;
601390240040;60.13.9.024.0040 Relé Industrial (24VDC) 3CC 10 A;S60;988; $13,30 ;
601390240074;60.13.9.024.0074 Relé Industrial (24VDC) 3CC 10 A;S60;123; $20,59 ;
601391250040;60.13.9.125.0040 Relé Industrial (125VDC) 3CC 10 A;S60;581; $21,42 ;
622282300000;62.22.8.230.0000 Relé de potencia (230VAC) 2CC 16 A;S62;10; $17,70 ;
623280244040;"62.32.8.024.4040 Relé de potencia (24VAC) 2CC 16 A; AgSnO2";S62;40; $17,06 ;
623281200040;62.32.8.120.0040 Relé de potencia (120VAC) 2CC 16 A;S62;204; $17,06 ;
623290120040;62.32.9.012.0040 Relé de potencia (12VDC) 2CC 16 A;S62;8; $17,06 ;
623290124040;"62.32.9.012.4040 Relé de potencia (12VDC) 2CC 16 A; AgSnO2";S62;100; $17,06 ;
623290240040;62.32.9.024.0040 Relé de potencia (24VDC) 2CC 16 A;S62;96; $17,06 ;
623380240040;62.33.8.024.0040 Relé de potencia (24VAC) 3CC 16 A;S62;6; $17,91 ;
623381200040;DESCONTINUADO, lo reemplaza el producto 62.33.8.120.4040;S62;2; $17,91 ;
623381204040;"62.33.8.120.4040 Relé de potencia (120VAC) 3CC 16 A; AgSnO2";S62;176; $17,91 ;
623382304040;"62.33.8.230.4040 Relé de potencia (230VAC) 3CC 16 A; AgSnO2";S62;130; $19,03 ;
623390124040;"62.33.9.012.4040 Relé de potencia (12VDC) 3CC 16 A; AgSnO2";S62;10; $17,91 ;
623390244040;"62.33.9.024.4040 Relé de potencia (24VDC) 3CC 16 A; AgSnO2";S62;113; $17,91 ;
628280120000;62.82.8.012.0000 Relé de potencia (12VAC) 2CC 16 A;S62;30; $17,32 ;
628281200000;62.82.8.120.0000 Relé de potencia (120VAC) 2CC 16 A;S62;40; $17,32 ;
628290060300;62.82.9.006.0300 Relé de potencia (6VDC) 2NA 16 A;S62;7; $19,03 ;
628380120000;62.83.8.012.0000 Relé de potencia (12VAC) 3CC 16 A;S62;5; $18,19 ;
628390480000;62.83.9.048.0000 Relé de potencia (48VDC) 3CC 16 A;S62;105; $19,83 ;
653181200000;65.31.8.120.0000 Relé de potencia (120VAC) 1NA+1NC 20 A;S65;19; $14,31 ;
668280240000;66.82.8.024.0000 Relé de potencia (24VAC) 2CC 30 A;S66;60; $21,06 ;
668280244000;"66.82.8.024.4000 Relé de potencia (24VAC) 2NA 30 A; AgSnO2";S66;30; $21,06 ;
668281201300;66.82.8.120.1300 Relé de potencia (120VAC) 2NA 30 A AgNi;S66;2; $15,56 ;
668281204000;"66.82.8.120.4000 Relé de potencia (120VAC) 2CC 30 A; AgSnO2";S66;332; $21,06 ;
668282300000;66.82.8.230.0000 Relé de potencia (230VAC) 2CC 30 A;S66;149; $22,22 ;
668282304000;"66.82.8.230.4000 Relé de potencia (230VAC) 2CC 30 A; AgSnO2";S66;250; $22,22 ;
668290124000;"66.82.9.012.4000 Relé de potencia (12VDC) 2CC 30 A; AgSnO2";S66;49; $21,06 ;
668290244000;"66.82.9.024.4000 Relé de potencia (24VDC) 2CC 30 A; AgSnO2";S66;178; $21,06 ;
672290124300;67.22.9.012.4300 Relé solar (12VDC) 2NA 50 A;S67;4; $44,50 ;
682290124300;"68.22.9.012.4300 Relé de potencia para CI; 2 CO; 100 A";S68;5; $51,08 ;
682290244300;"68.22.9.024.4300 Relé de potencia para CI; 2 CO; 100 A";S68;2; $51,08 ;
6K0480244309;"6K.04.8.024.4309 Mini Contactor (24V AC) 4NA; 9A";S6K;20; $34,00 ;
6K0480244312;"6K.04.8.024.4312 Mini Contactor (24V AC) 4NA; 12A";S6K;48; $42,76 ;
6K0480244809;"6K.04.8.024.4809 Mini Contactor (24V AC) 3NA; 9A + 1NA; 2A";S6K;12; $31,88 ;
6K0481104309;"6K.04.8.110.4309 Mini Contactor (110V AC) 4NA; 9A";S6K;37; $34,00 ;
6K0481104312;"6K.04.8.110.4312 Mini Contactor (110V AC) 4NA; 12A";S6K;10; $42,76 ;
6K0481104809;"6K.04.8.110.4809 Mini Contactor (110V AC) 3NA; 9A + 1NA; 2A";S6K;20; $31,88 ;
6K0481104812;"6K.04.8.110.4812 Mini Contactor (110V AC) 3NA; 12A + 1NA; 2A";S6K;28; $40,26 ;
6K0482304309;"6K.04.8.230.4309 Mini Contactor (230V AC) 4NA; 9A";S6K;44; $34,00 ;
6K0482304312;"6K.04.8.230.4312 Mini Contactor (230V AC) 4NA; 12A";S6K;90; $42,76 ;
6K0482304809;"6K.04.8.230.4809 Mini Contactor (230V AC) 3NA; 9A + 1NA; 2A";S6K;2; $31,88 ;
6K0482304812;"6K.04.8.230.4812 Mini Contactor (230V AC) 3NA; 12A + 1NA; 2A";S6K;40; $40,26 ;
6K0490244309;"6K.04.9.024.4309 Mini Contactor (24V DC) 4NA; 9A";S6K;27; $43,18 ;
6K0490244312;"6K.04.9.024.4312 Mini Contactor (24V DC) 4NA; 12A";S6K;36; $51,37 ;
6K0490244809;"6K.04.9.024.4809 Mini Contactor (24V DC) 3NA; 9A + 1NA; 2A";S6K;40; $38,89 ;
6K0490244812;"6K.04.9.024.4812 Mini Contactor (24V DC) 3NA: 12A + 1NA; 2A";S6K;37; $47,23 ;
6K1380244324;"6K.13.8.024.4324 Contactor Industrial (24V AC) 3NA; 24A";S6K;9; $78,23 ;
6K1380244332;"6K.13.8.024.4332 Contactor Industrial (24V AC) 3NA; 32A";S6K;21; $104,30 ;
6K1380244350;"6K.13.8.024.4350 Contactor Industrial (24V AC) 3NA; 50A";S6K;26; $169,14 ;
6K1380244374;"6K.13.8.024.4374 Contactor Industrial (24V AC) 3NA; 74A";S6K;26; $274,57 ;
6K1381104324;"6K.13.8.110.4324 Contactor Industrial (110V AC) 3NA; 24A";S6K;1315; $78,83 ;
6K1381104332;"6K.13.8.110.4332 Contactor Industrial (110V AC) 3NA; 32A";S6K;633; $104,30 ;
6K1381104350;"6K.13.8.110.4350 Contactor Industrial (110V AC) 3NA; 50A";S6K;82; $169,14 ;
6K1382304324;"6K.13.8.230.4324 Contactor Industrial (230V AC) 3NA; 24A";S6K;839; $78,83 ;
6K1382304332;"6K.13.8.230.4332 Contactor Industrial (230V AC) 3NA; 32A";S6K;363; $104,30 ;
6K1382304350;"6K.13.8.230.4350 Contactor Industrial (230V AC) 3NA; 50A";S6K;318; $169,14 ;
6K1382304374;"6K.13.8.230.4374 Contactor Industrial (230V AC) 3NA; 74A";S6K;69; $274,57 ;
6K1390244324;"6K.13.9.024.4324 Contactor Industrial (24V DC) 4NA; 24A";S6K;50; $120,50 ;
6K1390244332;"6K.13.9.024.4332 Contactor Industrial (24V DC) 4NA; 32A";S6K;50; $142,90 ;
6K1480244310;"6K.14.8.024.4310 Contactor Industrial (24V AC) 4NA; 10A";S6K;19; $38,28 ;
6K1480244318;"6K.14.8.024.4318 Contactor Industrial (24V AC) 4NA; 18A";S6K;14; $58,62 ;
6K1481104310;"6K.14.8.110.4310 Contactor Industrial (110V AC) 4NA; 10A";S6K;444; $38,28 ;
6K1481104318;"6K.14.8.110.4318 Contactor Industrial (110V AC) 4NA; 18A";S6K;1364; $58,62 ;
6K1481104810;"6K.14.8.110.4810 Contactor Industrial (110VAC) 3NA; 10A + 1NA; 2A";S6K;32; $32,82 ;
6K1481104818;"6K.14.8.110.4818 Contactor Industrial (110VAC) 3NA; 18A + 1NA; 2A";S6K;36; $52,64 ;
6K1482304310;"6K.14.8.230.4310 Contactor Industrial (230V AC) 4NA; 10A";S6K;262; $38,28 ;
6K1482304318;"6K.14.8.230.4318 Contactor Industrial (230V AC) 4NA; 18A";S6K;863; $58,62 ;
6K1482304810;"6K.14.8.230.4810 Contactor Industrial (230VAC) 3NA; 10A + 1NA; 2A";S6K;40; $32,82 ;
6K1482304818;"6K.14.8.230.4818 Contactor Industrial (230VAC) 3NA; 18A + 1NA; 2A";S6K;29; $52,64 ;
6K1490244310;"6K.14.9.024.4310 Contactor Industrial (24V DC) 4NA; 10A";S6K;20; $77,50 ;
6K1490244318;"6K.14.9.024.4318 Contactor Industrial (24V DC) 4NA; 18A";S6K;20; $96,70 ;
6K1490244710;"6K.14.9.024.4710 Contactor Industrial (24V DC) 3NA; 10A + 1NC; 2A";S6K;50; $69,00 ;
6K1490244718;"6K.14.9.024.4718 Contactor Industrial (24V DC) 3NA; 18A + 1NC; 2A";S6K;50; $92,70 ;
6K1490244810;"6K.14.9.024.4810 Contactor Industrial (24V DC) 3NA; 10A + 1NA; 2A";S6K;100; $69,00 ;
6K1490244818;"6K.14.9.024.4818 Contactor Industrial (24V DC) 3NA; 18A + 1NA; 2A";S6K;97; $92,70 ;
6K1491104810;"6K.14.9.110.4810 Contactor Industrial (110V DC) 3NA; 10A+1NA; 2A";S6K;5; $78,50 ;
6KT000000406;"6K.T0.0.000.0406 Prot. Térmica;  4 - 6 A; Tipo [6K.04]";S6K;261; $63,90 ;
6KT000000609;"6K.T0.0.000.0609 Prot. Térmica;  6 - 9 A; Tipo [6K.04]";S6K;276; $72,80 ;
6KT000000811;"6K.T0.0.000.0811 Prot. Térmica;  8 - 11 A; Tipo [6K.04]";S6K;375; $72,80 ;
6KT000001827;"6K.T0.0.000.1827 Prot. Térmica;  1.8 - 2.7 A; Tipo [6K.04]";S6K;179; $63,90 ;
6KT000002704;"6K.T0.0.000.2704 Prot. Térmica;  2.7 - 4 A; Tipo [6K.04]";S6K;179; $63,90 ;
6KT100000406;"6K.T1.0.000.0406 Prot. Térmica;  4 - 6 A; Tipo [6K.13, 6k.14]";S6K;194; $69,90 ;
6KT100000609;"6K.T1.0.000.0609 Prot. Térmica;  6 - 9 A; Tipo [6K.13, 6k.14]";S6K;280; $81,00 ;
6KT100000811;"6K.T1.0.000.0811 Prot. Térmica;  8 - 11 A; Tipo [6K.13, 6k.14]";S6K;490; $81,00 ;
6KT100001014;"6K.T1.0.000.1014 Prot. Térmica;  10 - 14 A; Tipo [6K.13, 6k.14]";S6K;309; $81,00 ;
6KT100001318;"6K.T1.0.000.1318 Prot. Térmica;  13 - 18 A; Tipo [6K.13, 6k.14]";S6K;202; $81,00 ;
6KT100001724;"6K.T1.0.000.1724 Prot. Térmica;  17 - 24  A; Tipo [6K.13, 6k.14]";S6K;294; $94,50 ;
6KT100001827;"6K.T1.0.000.1827 Prot. Térmica;  1.8 - 2.7 A; Tipo [6K.13, 6k.14]";S6K;196; $69,90 ;
6KT100002704;"6K.T1.0.000.2704 Prot. Térmica;  2.7 - 4 A; Tipo [6K.13, 6k.14]";S6K;196; $69,90 ;
6MBU00242200;6M.BU.0.024.2200 Analizador de red ModbusTCP/IP-Modbus RS485 RTU;S6M;13; $149,43 ;
6MTA90241200;"6M.TA.9.024.1200 Analizador de red 50A-800 VAC / 1000 VDC; RS485";S6M;17; $138,66 ;
6MTB90241200;"6M.TB.9.024.1200 Analizador de red 100A-800 VAC / 1000 VDC; RS485";S6M;14; $140,37 ;
6MTF90241200;6M.TF.9.024.1200 Analizador de red 300A-800 VAC / 400A-1000 VDC;S6M;12; $181,12 ;
706184000000;70.61.8.400.0000 Relé vigilancia (170..500VAC) 1CC 6A fallo-secu;S70;663; $84,74 ;
720180240000;72.01.8.024.0000 Relé Ctrl de nivel (24VAC) 1CC 16A;S72;10; $95,25 ;
720181250000;72.01.8.125.0000 Relé Ctrl de nivel (125VAC) 1CC 16A;S72;198; $95,25 ;
720182400002;"72.01.8.240.0002 Relé Ctrl de nivel (240VAC) 1CC 16A; Sen. Ajust";S72;3; $95,25 ;
720190240000;72.01.9.024.0000 Relé Ctrl de nivel (24VDC) 1CC 16A;S72;32; $99,03 ;
724202300000;72.42.0.230.0000 Relé alternancia (110...240VAC/DC) 2NA 12A;S72;96; $103,25 ;
725102400000;"72.51.024.00000 Relé Ctrl de nivel (240VAC) 1CC 6A; Liq. Conduct";S72;40; $94,25 ;
72A110000501;"72.A1.1000.0501 Boya Ctrl de nivel líquidos 1CC 10 A; 5m H05 RNF";S72;354; $39,39 ;
72A110000502;"72.A1.1000.0502 Boya Ctrl de nivel líquidos 1CC 10 A; 5m; ACS";S72;25; $74,40 ;
72A110001001;"72.A1.1000.1001 Boya Ctrl de nivel líquidos 1CC 10 A; 10m H05 RNF";S72;229; $57,86 ;
72A110001501;"72.A1.1000.1501 Boya Ctrl de nivel líquidos 1CC 10 A; 15m H05 RNF";S72;26; $80,43 ;
72A110002001;"72.A1.1000.2001 Boya Ctrl de nivel líquidos 1CC 10 A; 20m H05 RNF";S72;15; $97,57 ;
72B110000501;"72.B1.1000.0501 Boya Ctrl de nivel líquidos 1CC 10 A; 5m H05 RNF";S72;209; $84,19 ;
72B110001001;"72.B1.1000.1001 Boya Ctrl de nivel líquidos 1CC 10 A; 10m H05 RNF";S72;508; $105,03 ;
72B110002001;"72.B1.1000.2001 Boya Ctrl de nivel líquidos 1CC 10 A; 20m H05 RNF";S72;6; $153,83 ;
72C100000201;"72.C1.0.000.0201 Flotador Ctrl líquidos area reducida 1CC 10A; 2m";S72;22; $111,06 ;
771182308251;77.11.8.230.8251 Relé SSR (40.305VAC) 1NA @ 19.305VAC 15A;S77;1; $80,93 ;
772582308650;77.25.8.230.8650 Relé SSR (90.280VAC) 1NA @ 43.2.660VAC 25A;S77;6; $74,52 ;
772590248250;77.25.9.024.8250 Relé SSR (3.32VDC) 1NA @ 21.6.280VAC 25A;S77;48; $41,15 ;
773190248050;77.31.9.024.8050 Relé SSR (4.32VDC) 1NA @ 48...480VAC 30A;S77;12; $107,44 ;
774590248250;77.45.9.024.8250 Relé SSR (3..32VDC) 1NA @ 21.6..280VAC 40A;S77;37; $35,36 ;
77A182308650;77.A1.8.230.8650 Relé SSR (90..280V AC) 1NA @  24..660V AC 25 A;S77;58; $42,88 ;
77B182308250;77.B1.8.230.8250 Relé SSR (90..280V AC) 1NA @ 24..280V AC 40 A;S77;54; $40,89 ;
77B182308650;77.B1.8.230.8650 Relé SSR (90..280V AC) 1NA @ 24..660V AC 40 A;S77;24; $44,67 ;
77B190248250;77.B1.9.024.8250 Relé SSR (3..32V DC) 1NA @ 24..280V AC 40 A;S77;30; $35,36 ;
77B190248650;77.B1.9.024.8650 Relé SSR (3..32V DC) 1NA @ 24..660V AC 40 A;S77;27; $40,45 ;
77B382308671;77.B3.8.230.8671 Relé SSR (90..280V AC) 3NA @  24..660V AC 40A Rd;S77;9; $152,98 ;
77B390248671;77.B3.9.024.8671 Relé SSR (4..32V DC) 3NA @  24..660V AC 40A Rd;S77;186; $137,26 ;
77C290248671;77.C2.9.024.8671 Relé SSR (4..32V DC) 2NA @  24..660V AC 50A Rd;S77;17; $96,33 ;
77D190248650;77.D1.9.024.8650 Relé SSR (3..32V DC) 1NA @ 24..660V AC 60 A;S77;24; $50,05 ;
77E290248671;77.E2.9.024.8671 Relé SSR (4..32V DC) 2NA @  24..660V AC 75A Rd;S77;6; $102,63 ;
77F390248671;77.F3.9.024.8671 Relé SSR (4..32V DC) 3NA @  24..660V AC 80A Rd;S77;12; $260,21 ;
77G190248250;77.G1.9.024.8250 Relé SSR (3..32V DC) 1NA @ 24..280V AC 100 A;S77;15; $66,21 ;
77H182308250;77.H1.8.230.8250 Relé SSR (90..280V AC) 1NA @ 24..280V AC 125 A;S77;15; $91,28 ;
77H182308650;77.H1.8.230.8650 Relé SSR (90..280V AC) 1NA @  24..660V AC 125 A;S77;12; $99,48 ;
77H190248250;77.H1.9.024.8250 Relé SSR (3..32V DC) 1NA @ 24..280V AC 125 A;S77;16; $83,76 ;
781212301200;"78.12.1.230.1200 Fte alimentación (110..240VAC) @ 12VDC; 1A";S78;17; $75,17 ;
781212302400;"78.12.1.230.2400 Fte alimentación (110..240VAC) @ 24VDC; 0.5A";S78;129; $75,17 ;
781212302482;"78.12.1.230.2482 Fte alimentación OPTA (110.240VAC) @ 24VDC; 0.5A";S78;102; $88,07 ;
781B12302403;"78.1B.1.230.2403 Fte alimentación (120..240VAC) @ 24-28VDC; 4.5A";S78;29; $216,56 ;
781D12302414;"78.1D.1.230.2414 Fte alimentación (120..240VAC) @ 24-28VDC; 5.4A";S78;16; $255,01 ;
782512302400;"78.25.1.230.2400 Fte alimentación (110..240VAC) @ 24VDC; 0.75A";S78;4; $85,23 ;
782512302482;"78.25.1.230.2482 Fte alimentación OPTA (110..240VAC) @ 24VDC; 1A";S78;14; $103,66 ;
782A12302402;"78.2A.1.230.2402 Fte alimentación (120..230VAC) @ 24-28VDC; 9A";S78;30; $258,91 ;
782E12302414;"78.2E.1.230.2414 Fte alimentación (110..240VAC) @ 24-28VDC; 10A";S78;24; $349,77 ;
782K12303000;"78.2K.1.230.3000 Fte alimentación (185.260VAC) @ 30VDC; 6.4A KNX";S78K;19; $235,20 ;
783612301202;"78.36.1.230.1202 Fte alimentación (110..240VAC) @ 12VDC; 3A";S78;18; $107,39 ;
783612302402;"78.36.1.230.2402 Fte alimentación (110..240VAC) @ 24VDC; 1.5A";S78;116; $84,06 ;
785012301202;"78.50.1.230.1202 Fte alimentación (110..240VAC) @ 12-15VDC; 4.2A";S78;84; $113,80 ;
786012302402;"78.60.1.230.2402 Fte alimentación (110..240VAC) @ 24-28VDC; 2.5A";S78;146; $113,80 ;
7F0200001000;"7F.02.0.000.1000 Filtro de salida; (92x92) mm";S7F;1368; $11,61 ;
7F02000010000;"7F.02.0.000.1000.0 Filtro de salida; (92x92) mm; Negro";S7F;15; $14,02 ;
7F0200002000;"7F.02.0.000.2000 Filtro de salida; (125x125) mm";S7F;1216; $13,23 ;
7F02000020000;"7F.02.0.000.2000.0 Filtro de salida; (125x125) mm; Negro";S7F;39; $16,06 ;
7F0200003000;"7F.02.0.000.3000 Filtro de salida; (177x177) mm";S7F;566; $31,31 ;
7F02000030000;"7F.02.0.000.3000.0 Filtro de salida; (177x177) mm; Negro";S7F;16; $34,10 ;
7F0200004000;"7F.02.0.000.4000 Filtro de salida; (224x224) mm";S7F;549; $33,60 ;
7F0200005000;"7F.02.0.000.5000 Filtro de salida; (291x291) mm";S7F;342; $46,92 ;
7F02000050000;"7F.02.0.000.5000.0 Filtro de salida; (291x291) mm; Negro";S7F;9; $60,87 ;
7F0300001000;"7F.03.0.000.1000 Filtro de salida; (92x92) mm";S7F;33; $11,61 ;
7F0300002000;"7F.03.0.000.2000 Filtro de salida; (125x125) mm";S7F;51; $13,23 ;
7F0300003000;"7F.03.0.000.3000 Filtro de salida; (177x177) mm";S7F;9; $31,31 ;
7F0300004000;"7F.03.0.000.4000 Filtro de salida; (224x224) mm";S7F;99; $33,60 ;
7F0300005000;"7F.03.0.000.5000 Filtro de salida; (291x291) mm";S7F;41; $46,92 ;
7F2081201020;"7F.20.8.120.1020 Ventilador c/filtro 120VAC; 92x92 mm; 29m3/h";S7F;981; $76,28 ;
7F20812010200;"7F.20.8.120.1020.0 Ventilador c/filtro 120VAC; 92x92 mm; Negro";S7F;9; $80,10 ;
7F2081202055;"7F.20.8.120.2055 Ventilador c/filtro 120VAC; 125x125 mm; 63m3/h";S7F;813; $80,93 ;
7F20812020550;"7F.20.8.120.2055.0 Ventilador c/filtro 120VAC; 125x125 mm; Negro";S7F;20; $84,96 ;
7F2081203100;"7F.20.8.120.3100 Ventilador c/filtro 120VAC; 177x177 mm: 115m3/h";S7F;503; $106,86 ;
7F20812031000;"7F.20.8.120.3100.0 Ventilador c/filtro 120VAC; 177x177 mm; Negro";S7F;15; $112,21 ;
7F2081204250;"7F.20.8.120.4250 Ventilador c/filtro 120VAC; 224x224 mm; 295m3/h";S7F;272; $176,62 ;
7F2081204400;"7F.20.8.120.4400 Ventilador c/filtro 120VAC; 224x224 mm; 445m3/h";S7F;9; $327,13 ;
7F2081205550;"7F.20.8.120.5550 Ventilador c/filtro 120VAC; 291X291 mm; 550m3/h";S7F;28; $362,83 ;
7F2081205700;"7F.20.8.120.5700 Ventilador c/filtro 120VAC; 291X291 mm; 700m3/h";S7F;23; $386,17 ;
7F2082301020;"7F.20.8.230.1020 Ventilador c/filtro 230VAC; 92x92 mm; 29m3/h";S7F;147; $73,71 ;
7F20823010200;"7F.20.8.230.1020.0 Ventilador c/filtro 230VAC; 92x92 mm; Negro";S7F;3; $77,39 ;
7F2082302055;"7F.20.8.230.2055 Ventilador c/filtro 230VAC; 125x125 mm; 63m3/h";S7F;543; $76,82 ;
7F20823020550;"7F.20.8.230.2055.0 Ventilador c/filtro 230VAC; 125x125 mm; Negro";S7F;2; $80,66 ;
7F2082303100;"7F.20.8.230.3100 Ventilador c/filtro 230VAC; 177x177 mm; 115m3/h";S7F;240; $102,74 ;
7F20823031000;"7F.20.8.230.3100.0 Ventilador c/filtro 230VAC; 177x177 mm; Negro";S7F;14; $107,88 ;
7F2082304250;"7F.20.8.230.4250 Ventilador c/filtro 230VAC; 224x224 mm; 295m3/h";S7F;151; $163,56 ;
7F2082304400;"7F.20.8.230.4400 Ventilador c/filtro 230VAC; 224x224 mm; 445m3/h";S7F;10; $307,48 ;
7F2082305550;"7F.20.8.230.5550 Ventilador c/filtro 230VAC; 291X291 mm; 550m3/h";S7F;128; $327,82 ;
7F2082305700;"7F.20.8.230.5700 Ventilador c/filtro 230VAC; 291X291 mm; 700m3/h";S7F;136; $349,04 ;
7F20902410200;"7F.20.9.024.1020.0 Ventilador c/filtro 24VDC 92x92 mm; Negro";S7F;1; $82,54 ;
7F2090242055;"7F.20.9.024.2055 Ventilador c/filtro 24VDC; 125x125 mm; 63m3/h";S7F;93; $82,19 ;
7F20902420550;"7F.20.9.024.2055.0 Ventilador c/filtro 24VDC; 125x125 mm; Negro";S7F;17; $86,30 ;
7F20902431000;"7F.20.9.024.3100.0 Ventilador c/filtro 24VDC; 177x177 mm; Negro";S7F;15; $113,27 ;
7F2090244250;"7F.20.9.024.4250 Ventilador c/filtro 24VDC; 224x224 mm; 295m3/h";S7F;9; $217,92 ;
7F3081201020;"7F.30.8.120.1020 Ventilador c/filtro 120VAC; 92x92 mm; 29m3/h";S7F;47; $76,28 ;
7F3081202055;"7F.30.8.120.2055 Ventilador c/filtro 120VAC; 125x125 mm; 63m3/h";S7F;49; $80,93 ;
7F3081203100;"7F.30.8.120.3100 Ventilador c/filtro 120VAC; 177x177 mm: 115m3/h";S7F;41; $106,86 ;
7F3081204250;"7F.30.8.120.4250 Ventilador c/filtro 120VAC; 224x224 mm; 295m3/h";S7F;89; $176,62 ;
7F3081204400;"7F.30.8.120.4400 Ventilador c/filtro 120VAC; 224x224 mm; 445m3/h";S7F;20; $327,13 ;
7F3081205550;"7F.30.8.120.5550 Ventilador c/filtro 120VAC; 291X291 mm; 550m3/h";S7F;20; $362,83 ;
7F3081205700;"7F.30.8.120.5700 Ventilador c/filtro 120VAC; 291X291 mm; 700m3/h";S7F;23; $386,17 ;
7F3082301020;"7F.30.8.230.1020 Ventilador c/filtro 230VAC; 92x92 mm; 29m3/h";S7F;20; $73,71 ;
7F3082302055;"7F.30.8.230.2055 Ventilador c/filtro 230VAC; 125x125 mm; 63m3/h";S7F;25; $76,82 ;
7F3082303100;"7F.30.8.230.3100 Ventilador c/filtro 230VAC; 177x177 mm; 115m3/h";S7F;19; $102,74 ;
7F3082304250;"7F.30.8.230.4250 Ventilador c/filtro 230VAC; 224x224 mm; 295m3/h";S7F;21; $163,56 ;
7F3082304400;"7F.30.8.230.4400 Ventilador c/filtro 230VAC; 224x224 mm; 445m3/h";S7F;10; $307,48 ;
7F3082305550;"7F.30.8.230.5550 Ventilador c/filtro 230VAC; 291X291 mm; 550m3/h";S7F;20; $327,82 ;
7F3082305700;"7F.30.8.230.5700 Ventilador c/filtro 230VAC; 291X291 mm; 700m3/h";S7F;19; $349,04 ;
7F3090241020;"7F.30.9.024.1020 Ventilador c/filtro 24VDC; 92x92 mm; 29m3/h";S7F;10; $78,61 ;
7F3090242055;"7F.30.9.024.2055 Ventilador c/filtro 24VDC; 125x125 mm; 63m3/h";S7F;3; $82,19 ;
7F3090243100;"7F.30.9.024.3100 Ventilador c/filtro 24VDC; 177x177 mm; 115m3/h";S7F;10; $107,88 ;
7F3090244250;"7F.30.9.024.4250 Ventilador c/filtro 24VDC; 224x224 mm; 295m3/h";S7F;10; $217,92 ;
7H5102300100;7H.51.0.230.0100 Calefactor de cuadro (110.230VAC/DC) 100W;S7H;45; $115,61 ;
7H5102300150;7H.51.0.230.0150 Calefactor de cuadro (110.230VAC/DC) 150W;S7H;305; $143,01 ;
7H5182300250;"7H.51.8.230.0250 Calefactor de cuadro (230VAC) 250W; c/ventilador";S7H;29; $168,37 ;
7H5182300400;"7H.51.8.230.0400 Calefactor de cuadro (230VAC) 400W; c/ventilador";S7H;20; $183,69 ;
7L4300241200;"7L.43.0.024.1200 Lámpara LED (12.48VAC/DC); 6W; ON/OFF";S7L;75; $77,48 ;
7L4302301100;"7L.43.0.230.1100 Lámpara LED (110.240VAC/DC); 6W; ON/OFF; Push-in";S7L;3; $72,03 ;
7L4600241200;"7L.46.0.024.1200 Lámpara LED (12.48VAC/DC); 9W; ON/OFF";S7L;55; $83,09 ;
7L4600242200;"7L.46.0.024.2200 Lámpara LED (12.48VAC/DC); 9W; Detector mov.";S7L;22; $89,18 ;
7L4602302200;"7L.46.0.230.2200 Lámpara LED (110.240VAC/DC); 9W; Detector mov.";S7L;153; $89,18 ;
7M2482300210;"7M.24.8.230.0210 Contador de energía; 1~; 230 V AC (Modbus)";S7M;10; $116,50 ;
7M2482300310;"7M.24.8.230.0310 Contador de energía; 1~; 230 V AC (M-Bus)";S7M;6; $103,38 ;
7M3884000212;"7M.38.8.400.0212 Contador de energía; 3~; 400 V AC (Modbus)";S7M;7; $329,19 ;
7P0482601025;7P.04.8.260.1025 SPD Tipo 1+2, para sist. Trifásico + Neutro;S7P;2; $1.144,49 ;
7P2181301015;"7P.21.8.130.1015 SPD Tipo 2, unipolar; 15 kA";S7P;13; $80,97 ;
7S1490244220;7S.14.9.024.4220 Relé contactos guiados (24VDC) 2NA+2NC 6A;S7S;3; $127,11 ;
7T8100002303;7T.81.0.000.2303 Termostato 1NA (0...+60) °C;S7T;812; $27,31 ;
7T8100002403;7T.81.0.000.2403 Termostato 1NC (0...+60) °C;S7T;597; $27,31 ;
7U0082300000;"7U.00.8.230.0000 Tomacorriente Schuko + Bipaso; 230V 16A";S7U;21; $7,69 ;
7U0082300010;"7U.00.8.230.0010 Tomacorriente Schuko + Bipaso + LED; 230V 16A";S7U;16; $8,35 ;
7U0281200000;"7U.02.8.120.0000 Tomacorriente Toma USA; 125V 15A";S7U;195; $10,30 ;
7U0281200010;"7U.02.8.120.0010 Tomacorriente Toma USA + LED; 125V 15A";S7U;317; $12,45 ;
800102400000;80.01.0.240.0000 Tempo. Multif. (12..240VAC/DC) 1CC 16A;S80;1696; $78,15 ;
80010240N000;"80.01.0.240.N000 Tempo. Multif. NFC; (12..240VAC/DC) 1CC 16A";S80;54; $78,15 ;
801102400000;80.11.0.240.0000 Tempo. Mono. (AI) (24.240VAC/DC) 1CC 16A;S80;408; $59,97 ;
802102400000;80.21.0.240.0000 Tempo. Mono. (DI) (24.240VAC/D) 1CC 16A;S80;12; $59,97 ;
804102400000;80.41.0.240.0000 Tempo. Mono. (BE) (24.240VAC/D) 1CC 16A;S80;153; $59,97 ;
805102400000;80.51.0.240.0000 Tempo. Multif. (24.240VAC/DC) 1CC 8A;S80;31; $78,15 ;
807102400000;80.71.0.240.0000 Tempo. Multif. SSR 1NA @ (24.240)VAC/DC) 1A;S80;1; $91,16 ;
809102400000;80.91.0.240.0000 Tempo. Bifunción (LI, LE) (12.240VAC/DC) 1CC 16A;S80;170; $93,43 ;
810102300000;81.01.0.230.0000 Tempo. Multif. (12.230VAC/DC) 1CC 16A;S81;14; $95,75 ;
830102400000;83.01.0.240.0000 Tempo. Multif. (24.240VAC/DC) 1CC 16A;S83;29; $73,94 ;
830202400000;83.02.0.240.0000 Tempo. Multif. (24.240VAC/DC) 2CC 12A;S83;117; $110,62 ;
836202400000;83.62.0.240.0000 Tempo. Mono. (BI) (24.240VAC/DC) 2CC 8A;S83;6; $107,47 ;
838202400000;83.82.0.240.0000 Tempo. Mono. (SD) Estrella-Triángulo 2NA 16A;S83;14; $83,19 ;
839102400000;83.91.0.240.0000 Tempo. Multif. (LI,LE,PI,PE) 1CC 16A;S83;45; $94,51 ;
840200240000;84.02.0.024.0000 SMARTimer (12.24VAC/DC) 2CC 16A;S84;24; $174,43 ;
840202300000;84.02.0.230.0000 SMARTimer (110.240VAC/DC) 2CC 16A;S84;51; $174,43 ;
850200240000;85.02.0.024.0000 Relé Tempo. (24VAC/DC) 2CC 10A;S85;8; $61,11 ;
850201250000;85.02.0.125.0000 Relé Tempo. (110.125VAC/DC) 2CC 10A;S85;111; $64,02 ;
850282400000;85.02.8.240.0000 Relé Tempo. (230.240VAC/DC) 2CC 10A;S85;29; $61,11 ;
850400240000;85.04.0.024.0000 Relé Tempo. (24VAC/DC) 4CC 7A;S85;31; $61,11 ;
850401250000;85.04.0.125.0000 Relé Tempo. (110.125VAC/DC) 4CC 7A;S85;7; $64,02 ;
850482400000;85.04.8.240.0000 Relé Tempo. (230.240VAC/DC) 4CC 7A;S85;27; $61,11 ;
860002400000;86.00.0.240.0000 Temporizador Multifunción (0.05 s...100 h);S86;17; $63,49 ;
863000240000;"86.30.0.024.0000 Temporizador Bifunción AI, DI; (0.05 s...100 h)";S86;36; $31,68 ;
880202300002;88.02.0.230.0002 Tempo. Multif. Undecal (24.230VAC/DC) 2CC 8A;S88;278; $98,70 ;
881202300002;88.12.0.230.0002 Tempo. Multif. Octal (24.230VAC/DC) 2CC 8A;S88;1138; $95,17 ;
889202400000;88.92.0.240.0000 Tempo. Mono. Octal (PI) (12.240VAC/DC) 2CC 8A;S88;22; $118,76 ;
889202400001;88.92.0.240.0001 Tempo. Mono. Octal (LI) (12.240VAC/DC) 2CC 8A;S88;44; $118,76 ;
8A0490248300;"8A.04.9.024.8300 OPTA Lite; 8 IN, 4 OUT, RJ45, USB C";S8A;22; $249,31 ;
8A0490248310;"8A.04.9.024.8310 OPTA Plus; 8 IN, 4 OUT, RJ45, USB C, RS485";S8A;24; $273,71 ;
8A0490248320;"8A.04.9.024.8320 OPTA Adv; 8 IN, 4 OUT, RJ45, USB C, RS485, Wi-Fi";S8A;18; $328,88 ;
8A049024832C;"8A.04.9.024.832C OPTA Adv; 8 IN, 4 OUT, RJ45, USB C, RS485, Wi-Fi";S8A;6; $415,00 ;
8A2690240600;"8A.26.9.024.0600 OPTA Mod. Expan ANALOG; 6 IN; 2 OUT; 4 PWM OUT";S8A;4; $429,05 ;
8A269024060C;"8A.26.9.024.060C OPTA Mod. Expan ANALOG; 6 IN; 2 OUT; 4 PWM OUT";S8A;14; $416,55 ;
8A5890241600;"8A.58.9.024.1600 OPTA Mod. Expan; 16 IN Dig/Analog, 8 EMR OUT; 6A";S8A;18; $264,71 ;
8A589024160C;"8A.58.9.024.160C OPTA Mod. Expan; 16 IN Dig/Analog; 8 EMR OUT; 6A";S8A;13; $264,71 ;
8A8890241600;"8A.88.9.024.1600 OPTA Mod. Expan; 16 IN Dig/Analog, 8 SSR OUT; 3A";S8A;13; $283,25 ;
8A889024160C;"8A.88.9.024.160C OPTA Mod. Expan; 16 IN Dig/Analog; 8 SSR OUT; 3A";S8A;14; $275,00 ;
9002SMA;90.02SMA Base Serie 60.12 Azul;S90;153; $7,19 ;
9003SMA;90.03SMA Base Serie 60.13 Azul;S90;585; $8,17 ;
9014;90.14 Base Serie 60.12 Azul;S90;23; $1,42 ;
90200SMA;90.20.0SMA Base Serie [60.12] [88.12, 88.92] Negro;S90;27; $5,97 ;
9020SMA;90.20SMA Base Serie [60.12] [88.12, 88.92] Azul;S90;3479; $4,61 ;
90210SMA;90.21.0SMA Base Serie [60.13] [88.12, 88.02] Negro;S90;77; $6,85 ;
9021SMA;90.21SMA Base Series [60.13] [88.12, 88.02] Azul;S90;2509; $5,39 ;
9026SMA;90.26SMA Base Series [60.12] [88.12, 88.92] Azul;S90;452; $6,04 ;
9049SMA;90.49SMA Base Serie 60.13 Azul;S90;4; $8,10 ;
908230;90.82.30 Base Serie 60.12 Negro;S90;3084; $4,81 ;
908330;90.83.30 Base Serie 60.13 Negro;S90;974; $5,41 ;
92030SMA;92.03.0SMA Base Serie [62.31, 62.32, 62.33] Negro;S92;64; $10,57 ;
9203SMA;92.03SMA Base Serie [62.31, 62.32, 62.33] Azul;S92;345; $10,37 ;
9213SMA;92.13SMA Base Serie [62.31, 62.32, 62.33] Azul;S92;68; $2,63 ;
9233SMA;92.33SMA Base Serie [62.31, 62.32, 62.33] Azul;S92;59; $2,63 ;
92431SMA;92.43.1SMA Base Serie [62.32, 62.33] Azul;S92;82; $8,58 ;
93010024;93.01.0.024 Base Serie [34.51, 34.81]  (24V AC/DC);S93;2901; $8,70 ;
93010125;93.01.0.125 Base Serie [34.51, 34.81] (110.125)V AC/DC;S93;196; $8,60 ;
93010240;93.01.0.240 Base Serie [34.51, 34.81] (220.240)V AC/DC;S93;1766; $8,60 ;
93013125;93.01.3.125 Base Serie [34.51, 34.81] (110.125)V AC/DC;S93;47; $13,69 ;
93017024;93.01.7.024 Base Serie [34.51, 34.81] (24V DC);S93;3725; $8,70 ;
93020024;93.02.0.024 Base Serie [41.52, 41.61, 41.81] (24V AC/DC);S93;460; $12,83 ;
93020125;93.02.0.125 Base Serie [41.52, 41.61] (110.125)V AC/DC;S93;101; $13,30 ;
93020240;93.02.0.240 Base Serie [41.52, 41.61] (220.240)V AC/DC;S93;7; $13,30 ;
93027024;93.02.7.024 Base Serie [41.52, 41.61, 41.81] (24V DC);S93;537; $11,87 ;
93517024;93.51.7.024 Base Serie [34.51, 34.81] 24V DC Push-in;S93;609; $9,19 ;
93517060;93.51.7.060 Base Serie [34.51, 34.81] 60V DC Push-in;S93;4; $9,19 ;
93520024;93.52.0.024 Base Serie [41.52, 41.61, 41.81] 24V AC/DC Push-in;S93;7; $12,09 ;
93527024;93.52.7.024 Base Serie [41.52, 41.61, 41.81] 24V DC Push-in;S93;9; $12,50 ;
93630125;93.63.0.125 Base Serie [34.51, 34.81] (110.125)V AC/DC;S93;2; $11,62 ;
93633125;93.63.3.125 Base Serie [34.51, 34.81] (110.125)V AC/DC Push-in;S93;3; $10,84 ;
93637024;93.63.7.024 Base Serie [34.51, 34.81] 24V DC/DC;S93;384; $10,16 ;
93667024;93.66.7.024 Base Serie [34.51, 34.81] 24V DC/DC Push-in;S93;102; $10,34 ;
9402SMA;94.02SMA Base Serie [55.32] [85.02] Azul;S94;12; $6,39 ;
9402SPA;94.02SPA Base Serie [55.32] [85.02] Azul;S94;372; $6,39 ;
9403SPA;94.03SPA Base Serie [55.33] [85.03] Azul;S94;713; $7,53 ;
9404SMA;94.04SMA Base Serie [55.32, 55.34] [85.04] Azul;S94;40; $5,34 ;
9404SPA;94.04SPA Base Serie [55.32, 55.34] [85.04] Azul;S94;4750; $5,34 ;
9413SMA;94.13SMA Base C.I. Serie 55.33 Azul;S94;2; $2,07 ;
9422SMA;94.22SMA Base Terminales soldables Serie 55.32 Azul;S94;227; $1,74 ;
9423SMA;94.23SMA Base Terminales soldables Serie 55.33 Azul;S94;9; $2,00 ;
9434SMA;94.34SMA Base Terminales soldables Serie [55.32, 55.34] Azul;S94;1; $2,26 ;
9472SMA;94.72SMA Base Serie [55.32] [85.02] Azul;S94;191; $5,55 ;
9473SMA;94.73SMA Base Serie [55.33] [85.03] Azul;S94;469; $6,10 ;
94740SMA;94.74.0SMA Base Serie [55.32, 55.34] [85.02, 85.04] Negro;S94;440; $6,23 ;
9474SMA;94.74SMA Base Serie [55.32, 55.34] [85.02, 85.04] Azul;S94;3745; $4,87 ;
94820SMA;94.82.0SMA Base Serie [55.32] [85.02] Negro;S94;250; $5,97 ;
9482SMA;94.82SMA Base Serie [55.32] [85.02] Azul;S94;145; $5,76 ;
948420SPA;94.84.20SPA Base Serie [55.32, 55.34] [85.02, 85.04] Negro;S94;241; $5,12 ;
94P3SPA;94.P3SPA Base Serie [55.33] [85.03] Azul Push-in;S94;35; $8,29 ;
94P4SPA;94.P4SPA Base Serie [55.32, 55.34] [85.02, 85.04] Azul Push-in;S94;310; $8,29 ;
9503SPA;95.03SPA Base Serie 40.31 Azul;S95;2469; $4,71 ;
95050SPA;95.05.0SPA Base Serie [40.51, 40.52, 40.61, 40.62] Negro;S95;99; $5,57 ;
9505SPA;95.05SPA Base Serie [40.51, 40.52, 40.61, 40.62] Azul;S95;7325; $5,47 ;
95152SMA;95.15.2SMA Base C.I Serie [40.51, 40.52, 40.61, 40.62] Azul;S95;103; $1,12 ;
9563SMA;95.63SMA Base Serie 40.31 Azul;S95;1888; $4,59 ;
9565SMA;95.65SMA Base Serie [40.51, 40.52, 40.61, 40.62] Azul;S95;3303; $5,25 ;
9575SMA;95.75SMA Base Serie [40.51, 40.52, 40.61, 40.62] Azul;S95;350; $5,34 ;
95853SPA;95.85.3SPA Base Serie [40.51, 40.52, 40.61, 40.62] Azul;S95;64; $5,20 ;
95P3SPA;95.P3SPA Base Serie 40.31 Azul Push-in;S95;92; $4,71 ;
95P5SPA;95.P5SPA Base Serie [40.51, 40.52, 40.61, 40.62] Azul Push-in;S95;570; $5,47 ;
9602SMA;96.02SMA Base Serie 56.32 Azul;S96;718; $6,26 ;
9604SMA;96.04SMA Base serie 56.34 Azul;S96;100; $9,53 ;
9672SMA;96.72SMA Base Serie 56.32 Azul;S96;973; $6,81 ;
9674SMA;96.74SMA Base Serie 56.34 Azul;S96;128; $11,05 ;
9701SPA;97.01SPA Base Serie 46.61 Azul;S97;3509; $5,71 ;
9702SPA;97.02SPA Base Serie 46.52 Azul;S97;1293; $6,98 ;
97P1SPA;97.P1SPA Base Serie 46.61 Azul Push-in;S97;52; $5,71 ;
97P2SPA;97.P2SPA Base Serie 46.52 Azul Push-in;S97;207; $6,98 ;
9901023059;99.01.0.230.59 LED (110...240) VDC/AC;S99;30; $2,77 ;
9902002459;99.02.0.024.59 LED (6.24)V DC/AC;S99;1623; $3,43 ;
9902002498;99.02.0.024.98 LED + Varistor (6.24)V DC/AC;S99;72; $4,26 ;
9902006059;99.02.0.060.59 LED (28...60)V DC/AC;S99;3; $3,43 ;
9902023059;99.02.0.230.59 LED (110.240)V DC/AC;S99;1221; $3,43 ;
9902023098;99.02.0.230.98 LED + Varistor (110.240)V DC/AC;S99;21; $4,26 ;
9902300000;99.02.3.000.00 Diodo (6 - 220)V DC;S99;1157; $2,58 ;
9902902499;99.02.9.024.99 LED + Diodo (6 - 24)V DC;S99;108; $3,82 ;
9980002408;99.80.0.024.08 LED (6...24)V DC/AC;S99;1; $4,40 ;
9980023059;99.80.0.230.59 LED (110.240)V DC/AC;S99;3; $3,37 ;
9980023098;99.80.0.230.98 LED + Varistor (110.240)V DC/AC;S99;8; $4,50 ;
9D0150800304;"9D.01.5.080.0304 Bloque de distribución; 3 input; 4 output; 80 A";S9D;2082; $13,16 ;
9D0151250206;"9D.01.5.125.0206 Bloque de distribución; 2 input; 6 output; 125 A";S9D;672; $23,53 ;
9D0151750210;"9D.01.5.175.0210 Bloque de distribución; 2 input; 10 output;175 A";S9D;945; $34,25 ;
9D0152500111;"9D.01.5.250.0111 Bloque de distribución; 1 input; 11 output; 250A";S9D;682; $56,43 ;
9D0154000111;"9D.01.5.400.0111 Bloque de distribución; 1 input; 11 output; 400A";S9D;255; $70,51 ;
RB1091250040;"RB.10.9.125.0040 Relé Biestable (110..125) V DC; 10CC";SRB;8; $736,59 ;
RB2291259021;"RB.22.9.125.9021 Relé Biestable (110.125) V DC; 2CC; 8A";SRB;12; $409,35 ;
ZES3046;Pannel YESLY Demostrative;S1Y;4; $1,02 ;
